<?xml version="1.0" encoding="UTF-8"?>
<beanio xmlns="http://www.beanio.org/2012/03" 
  xmlns:xsi="http://www.w3.org/2001/XMLSchema-instance"
  xsi:schemaLocation="http://www.beanio.org/2012/03 http://www.beanio.org/2012/03/mapping.xsd">

  <stream name="passport" format="csv" >
    <parser>
      <property name="delimiter" value=";" />
    </parser>
     <record name="passportItem"  class="map" minOccurs="1" maxOccurs="unbounded">
	  <field name="Family_cyr"/>
	  <field name="Name_cyr"/>
	  <field name="Patronymic_cyr"/>
	  <field name="FIO_lat"/>
	  <field name="BirthDate"/>
      <field name="BirthYear"/>
	  <field name="DocNum"/>
	  <field name="DocSer"/>
     </record>
  </stream>
</beanio>