<?xml version="1.0" encoding="UTF-8"?>
<beans xmlns="http://www.springframework.org/schema/beans" 
	xmlns:xsi="http://www.w3.org/2001/XMLSchema-instance" 
	xmlns:camel="http://camel.apache.org/schema/spring"
	 xmlns:jdbc="http://www.springframework.org/schema/jdbc" 
	  
	xsi:schemaLocation="http://www.springframework.org/schema/beans http://www.springframework.org/schema/beans/spring-beans.xsd http://camel.apache.org/schema/spring http://camel.apache.org/schema/spring/camel-spring.xsd http://www.springframework.org/schema/jdbc http://www.springframework.org/schema/jdbc/spring-jdbc-3.0.xsd">


	 
    
	<bean id="beanio" class="org.apache.camel.dataformat.beanio.BeanIODataFormat">
	  <constructor-arg name="mapping" value="${mappingFile}" />
	  <constructor-arg name="streamName" value="${mappingStreamName}" />
	  <property name="encoding" value = "UTF-8"/> 
	</bean>



	<bean id="sql" class="org.apache.camel.component.sql.SqlComponent">
	 	<property name="dataSource" ref="dataSource" /> 
	</bean>	
 
	
	
          
	<bean id="traceFormatter"
		class="org.apache.camel.processor.interceptor.DefaultTraceFormatter">
		<property name="showProperties" value="false"/>
		<property name="showHeaders" value="false"/>
		<property name="showExchangePattern" value="false"/>
		<property name="showExchangeId" value="false"/>
		<property name="showShortExchangeId" value="true"/>
		<property name="showRouteId" value="true"/>
		<property name="showBreadCrumb" value="false"/>
		 
	</bean>
	
 	 <!-- Realm className="org.apache.catalina.realm.MemoryRealm" pathname="tomcat-users.xml"/-->



	<!-- <bean id="eventLogger"
		class="org.apache.camel.management.LoggingEventNotifier">
		<property name="logName" value="rider.EventLog"/>
		<property name="ignoreCamelContextEvents" value="true"/>
		<property name="ignoreRouteEvents" value="true"/>
		<property name="ignoreServiceEvents" value="true"/>
	</bean> -->
          
</beans>